DrugName,Superscript,PublishLink,EditLink
Abstainers,mm,https://docs.google.com/document/d/e/2PACX-1vSZGKutKtggBoTyNzMrh8HZacm612zU6IWUTlO6_gwUP7BYg5BzpqaWSP3_qTbHT1sgP4bRHNWxesaG/pub?embedded=true,https://docs.google.com/document/d/1Mc_kAAZ3320fNX-EmbfeS-v42XcAEYoEPo9-rNpFmy4/edit?usp=sharing
Adderall,"k,n,o",https://docs.google.com/document/d/e/2PACX-1vQhq_zQHaqizEMDIhw1XhQx7okNJiWBbdAhTrrc4aIVOw0BGxGASzOGM3mvpLFRb7FK6gEhfWxGe2NI/pub?embedded=true,https://docs.google.com/document/d/13_l6drUNbvTRJuEan8UUfJd3E9thLhKdzsdeu3g-dWA/edit?usp=sharing
ADHD Either Type,"n,dd,ee",https://docs.google.com/document/d/e/2PACX-1vSkTXVkkbIf2ghdmUkQStC0qjvn3cab5SA96iDkQCx8lqUCweBIf8jT3kZbr4oYb2LcVjUgJv7gR5pi/pub?embedded=true,https://docs.google.com/document/d/11jPEh6K6GwqReGF2NJh85nvtlymJiKPLC8iB4xQ_nLY/edit?usp=sharing
ADHD Non-Stimulant,"n,dd,ee",https://docs.google.com/document/d/e/2PACX-1vQcY5ac3QNWqIsrPH4MEATTSxV8UxNlEMRhXGH1y5nJp2YAmqpXC9AEH1yfmTvhu24n2Np3dozkEqPm/pub?embedded=true,https://docs.google.com/document/d/1o7EGKy7MurhtumoIGdZOEiqrUfHARxXHI5xZBG1AUns/edit?usp=sharing
ADHD Stimulant,"n,dd,ee",https://docs.google.com/document/d/e/2PACX-1vRdUR_Bc5G85MYnf0SW2sy8sXz_PWHbtkwaApNhLeHOvMgO6KoyCtg8zIKz1n5ljXvshm2FmCy-1oGm/pub?embedded=true,https://docs.google.com/document/d/1EXmF13C4zcBq84BRIpQLK6zbrSth6YZQ3kQ46iI51sE/edit?usp=sharing
Alcohol,"s,nn",https://docs.google.com/document/d/e/2PACX-1vRSQb90Doy-OMkrTuHxpcHEcnGjCXVbrOwt2UET1rUC-GdZPFsTn4RuV7jDumlGnI7wZuFkj4PbxQWc/pub?embedded=true,https://docs.google.com/document/d/1fcYW75NKbVwtonPUgEy_wsf0GUwHLMbjrhnpjGmA2mY/edit?usp=sharing
Alcoholic Beverages with Caffeine,"n,o,z",https://docs.google.com/document/d/e/2PACX-1vRZhkMi0HHMAVgLU9VLyhwLFXZ7SD_TdEz9fMux6Z_PXH76kShC0XS4qz1RlvYH_T-mZhQbpdXoho1S/pub?embedded=true,https://docs.google.com/document/d/1l4A_JuYv7Cve5RQS691qNokrlkcGP4uq26vbThLFm1Q/edit?usp=sharing
Amphetamines,"k,m",https://docs.google.com/document/d/e/2PACX-1vRrrrTFVqUe0Fgi4Pw2RMucEgYI0F2FJhdcHoqw23qbKO3z2iA_1BDhpVOUPOPdge0dCEN3em2xi4bM/pub?embedded=true,https://docs.google.com/document/d/1B5ulv65882d8rtWkCIrb8qoN-efS7w2aR4pVnZUZH1U/edit?usp=sharing
Androstenedione,bb,https://docs.google.com/document/d/e/2PACX-1vRg_RxejNiMTOpJ1X_gRsL9dv62d5YGOrYSKSTpzqRIOZoEBlblecqC0jwTaeHhuOowwEnhMVtqjR2x/pub?embedded=true,https://docs.google.com/document/d/1YtcaNyvH-AK0wr6zd51wDvwiKkZ-rBBNtKqI5vNwk18/edit?usp=sharing
Any Illicit Drug,"a,ll",https://docs.google.com/document/d/e/2PACX-1vSqNYZMcZQ7UibxNAqeVsbS6cxxfBGX4iTGJ3F4GZp0WV3v_EI-C1vF8v6U9xNaFwNUvqH0XJFeBkDZ/pub?embedded=true,https://docs.google.com/document/d/1pc6MltQxVvGiQ8IXXPqsPBonYnRh4L01dozN9wbkQHg/edit?usp=sharing
Any Illicit Drug including Inhalants,"a,c,ll",https://docs.google.com/document/d/e/2PACX-1vSvnoRolzy5nHoYHSwFMzBF9rgHazi-M8SZz-E0WaxR1GYeeHdPYNYdVt_k9jJP-j_VvuJRT86JmaUW/pub?embedded=true,https://docs.google.com/document/d/1yfdv0GzuaBbqVRvBo1ig1QIriWXW1kxj30swKQNBIUg/edit?usp=sharing
Any Illicit Drug other than Marijuana,"a,b",https://docs.google.com/document/d/e/2PACX-1vTkCtBvNDcwuc6a0xHpSu9bG7LONO8eWO8mON2WU4pYrHUqVjmpP45vbRoxG5mU-dSAJkfns0m5DI2a/pub?embedded=true,https://docs.google.com/document/d/1ae488KIC5RyP1-FtkjegGeQ6mtly97kNXHf1l8e-9cA/edit?usp=sharing
Any Nicotine Use other than Vaping,"e,hh",https://docs.google.com/document/d/e/2PACX-1vQpbwdhtDKN1uX_D6lguAbzmoCOgAPPq2CumkqHEBoy2lJ3dosaYcSOgE6R0jKxzTLjpOkSfghtcgAN/pub?embedded=true,https://docs.google.com/document/d/1GNcrvj84yGVgSCE9Frv1-nLAxMxYAtTCvWZOpkbd8sU/edit?usp=sharing
Any Nicotine Use,"e,gg",https://docs.google.com/document/d/e/2PACX-1vSYVOUrlDWrrksBb_Hnpb5BH58Ce57BGOEcm6UIVDxAKWCK3h6rPOZnPP7pgGlOk-4SC_lVKuMKJapS/pub?embedded=true,https://docs.google.com/document/d/1RZcKWhasaki__YKI7_kEnDDDJD2lA2aa2ZQa0Tk9CjQ/edit?usp=sharing
Any Prescription Drug,q,https://docs.google.com/document/d/e/2PACX-1vSx5NhpH6c9DTC2o1zOORK3bLjSz0mXjr3TVSPeRU95N99RfSO81qaQiLtNY65g8oLN0bZ_eyGiNG92/pub?embedded=true,https://docs.google.com/document/d/1yXMpHm17_uM4ev7WsBjYrwWRxOJmIP-E6Ut8W4mpxuU/edit?usp=sharing
Any Vaping,,https://docs.google.com/document/d/e/2PACX-1vRsVHI5V5qrrwIaRZP2daje_ilL8bWzdJvKtt8vdE4VP1BbhsFNEKG1Dgp7oVOdDerjSwH8bjroKbAA/pub?embedded=true,https://docs.google.com/document/d/1WsgMNJdoInWAAR5rEi_IEmWWf2q9mJvMgyWJbe0_T6s/edit?usp=sharing
Bath Salts,"n,o",https://docs.google.com/document/d/e/2PACX-1vTUqvpT-8hKscHzmHID2ynYX_Fvtr9gGuBMivIezU-tZL1B4Efl_OmdnzM77r7TLeERIflWIpbYYOrz/pub?embedded=true,https://docs.google.com/document/d/18yQShdj_yVp6APP1atQK-Rd1Ee4Kz2RVjLO_CWLWu2E/edit?usp=sharing
Been Drunk,o,https://docs.google.com/document/d/e/2PACX-1vTDPsECKAEyB-oDb5zt5fiResJzAqTgh0dhOYv4_zjhq6DghMonXzAp7IleOrKgCLaDiiwHLETjE_He/pub?embedded=true,https://docs.google.com/document/d/1SkwMkPLzCGEyBQxl59n7iFYxcXCBOWRuBHILmFHLgQA/edit?usp=sharing
Beer,oo,https://docs.google.com/document/d/e/2PACX-1vQHWm9vY7s4C5iossY6KCcSd_pBweP7T0R5C08-k8PdKSmvii-vzQxIcEvSRKkXoKQPcovU09mVshRm/pub?embedded=true,https://docs.google.com/document/d/1hiwZvWKn-yK3V7oIbrVESewBp8-JJAg6_hDLqXw_WvM/edit?usp=sharing
Bidis,"n,o",https://docs.google.com/document/d/e/2PACX-1vTw-O8UgLoix9Tsb5d0OKixHhapzmh3RJC8B7KgVsmnpVVu8eOqz-uTuowQVJxVIzwee0uvS5z943M7/pub?embedded=true,https://docs.google.com/document/d/1WhNqOjlsrSLJr8fgVgwYFYI98ar7S-65lovL2uXP_v4/edit?usp=sharing
Cigarillos (Small Cigars),"e,oo",https://docs.google.com/document/d/e/2PACX-1vSmCKwAzhG4U6OQumgmArj2xWsT9UPSSUlne6uFVgZchtmyMMwIqaubINuHqZ4VMwBiTjZTEQYaSIhB/pub?embedded=true,https://docs.google.com/document/d/1VORWz0EEFJe7H8YGwOc3OpIRrHBzA_fs72crVuxHg6c/edit?usp=sharing
Cigarettes,,https://docs.google.com/document/d/e/2PACX-1vSUAY8Qb6D92UVS6cXMKmGli5OZLqwxyYaJAlZxdTEW7Hk6RgZPBtLFOn_Ckrk6CmlmPneKZayEpWHt/pub?embedded=true,https://docs.google.com/document/d/1KLy9tlr68JKx4QZO1K2jpwqvlFWOb1fc2gf8NFTwbM0/edit?usp=sharing
Cocaine,,https://docs.google.com/document/d/e/2PACX-1vQBl-ONsQaaaV1l4328ke-UiNWzFHxzpAMvgmW_9ENViKdcfYDMgTHFE-ZdPqsrM74dG0-n_kC319rG/pub?embedded=true,https://docs.google.com/document/d/1CW0dr-ICUJD6itJ2NcN1HRje3aQH-TYnyQp_JjDjxbs/edit?usp=sharing
Cocaine other than Crack,h,https://docs.google.com/document/d/e/2PACX-1vSHoB8ADATSgxCmU9sA4pkBZO08-ASVmmQAAkh6wX2IVPGtp4GU2HNPZncGYv9t69-9i7hLp9ZLy_tS/pub?embedded=true,https://docs.google.com/document/d/1THpSYXr1-H_WKDTB4Y8ibL0WKcraesgby54gyf98c28/edit?usp=sharing
Crack,,https://docs.google.com/document/d/e/2PACX-1vRcTtN9UOCeic0_7gkX0UvexFxalWkHw7NhT1y4_NyS5f0bimvHzjQvdF8Ar3PyQBI3ft-iRl28N9Ni/pub?embedded=true,https://docs.google.com/document/d/1qDp2YH3uj2JT7MdniJNLexp8r5yOUSjvtTC-RLptcPA/edit?usp=sharing
Creatine,bb,https://docs.google.com/document/d/e/2PACX-1vRXoA6QONTRp6EPYSCAcvyPpczSwnes-0sxl87eih_FqmwHDqhBfs3CPvXyYXoF_JBvpgFDQuCbIyw7/pub?embedded=true,https://docs.google.com/document/d/1DdmQHh869Ot6db5SXq_5MZgRBzSTieX-IbDYPTjZsKc/edit?usp=sharing
Crystal Methamphetamine,o,https://docs.google.com/document/d/e/2PACX-1vQ5F4YrGRrlh4DK29r-8YR8KwOwle23Uhso5j2KMns9pakAqMdJxv_4rBk7WKzd_33O_XZWLR71sxYv/pub?embedded=true,https://docs.google.com/document/d/1NvZSHksEgREjjSjoGowCMr_87h-kezieoTeaYqhYW48/edit?usp=sharing
Diet Pills,"e,oo",https://docs.google.com/document/d/e/2PACX-1vTvaHrDcXOY3IjRVcuKZ9LHb1X-Od0Ol8yWkZl0Ee1aFF-hgO60c3pDo_70_y-6Yh34ArYX8XPmXqRH/pub?embedded=true,https://docs.google.com/document/d/1yqayA6o3_C1QERlvKspRkluDfIx8G7uCzWu3zoccF3o/edit?usp=sharing
Dissolvable Tobacco,"e,n,oo",https://docs.google.com/document/d/e/2PACX-1vRMc45juaJ0I1KvL1EB6ZOog1U7SLBekogAxLLaW40EMP2k3n6dzok9cQuUM5VIC0mOO5Y4lR1IQ3ab/pub?embedded=true,https://docs.google.com/document/d/1eUB2eCiTfNMDAH0bi9wvkijs6zzHFcmVh1JOm8FsHYM/edit?usp=sharing
Ecstasy (MDMA),g,https://docs.google.com/document/d/e/2PACX-1vSKRbTNCEZ2tC513ydXQXqX9UuM5VUMETCIJ42YqqBHzKd6tg1aqftGU9BS0wOjnsqiEorsX51lKb9V/pub?embedded=true,https://docs.google.com/document/d/1yOfJFWynrybK539jzycsHh2SAVA_A16rGRYfzzL7gRA/edit?usp=sharing
Energy Drinks,,https://docs.google.com/document/d/e/2PACX-1vR6TLqg-KJgtUF9jNqsA19alI2IkbZu8is_zhuQvsDE5d5O-4shxZIFK4-iXZ0LPv8HmKHrTmmoYjA-/pub?embedded=true,https://docs.google.com/document/d/166LQSi_W_DpNda9dgehZOQC6UAe8abt_l2OP1_aOllc/edit?usp=sharing
Energy Shots,,https://docs.google.com/document/d/e/2PACX-1vTls4rk11Ij0BR70D8kMNedwOyeIm4WFCLIgxOgG-7oMg2LoTbS9QZYKVYRlZsJYe-R3s1OXESFxmb3/pub?embedded=true,https://docs.google.com/document/d/1RH2oPozdTuKFp-b7GCxeUQKPmf2e6NcXquBewhRZD2c/edit?usp=sharing
Energy Drinks or Shots,,https://docs.google.com/document/d/e/2PACX-1vROcVaTQJ8fTCvLDqQt1FMtVADsXs8G5o7pb8p6alsdDQFn3OkChIYGtOLcJnH_PXplnBaWJbKJPK2v/pub?embedded=true,https://docs.google.com/document/d/16WLC9l8vDf_wSgJFEHJbkO3q8W8G7ADLSOZyHc7J4Uw/edit?usp=sharing
Flavored Alcoholic Beverages,"e,n,oo",https://docs.google.com/document/d/e/2PACX-1vQlxLnCWoF89CptkWi_EZHfgcIu7w4ha8DXwYJR2QtUZ1UJaKdFA4OsF1gaRDLF9_tYcGmi-MJThBVM/pub?embedded=true,https://docs.google.com/document/d/1ScTaY8HtI1LKeOrm8sFtbj1ZSPtXW23bRkVmAVfZOBw/edit?usp=sharing
Flavored Little Cigars,"ii,oo",https://docs.google.com/document/d/e/2PACX-1vRrRxS4EKG2oIOhvDtaZQsWryWxk20m2oVEQn9xk4FFX-Guybz0-Ol0fmS1PV9emi3LV0XlYlwvu2hJ/pub?embedded=true,https://docs.google.com/document/d/1bl1ttHR8k0k6DnW_hwCS2P_dhRVJyb7lnbwG_AT8n_8/edit?usp=sharing
GHB,"n,w,oo",https://docs.google.com/document/d/e/2PACX-1vRUPAmgsNY2ohZqzjQCaS2szncRqMDRsxYZZ-alRkuZsJMfyDc_CDtlaeBfzlr9lE8aVEe0sTaE1cwq/pub?embedded=true,https://docs.google.com/document/d/1lvioCXo9vgJb8qA_BN-_oULO-VcGi_sb263o5qy_frk/edit?usp=sharing
Hallucinogens,"b,f",https://docs.google.com/document/d/e/2PACX-1vQRr4krspQoOZeWjYCIaR1wvS2Tclai5_8cCtb77GCrh6WOYeCXihQVcQr1saL62vdRiLp44SxeVbtZ/pub?embedded=true,https://docs.google.com/document/d/1MGLRkjJrDH_zGM6Vh-KqKucbSR_fklOOwkWfKGEE1r8/edit?usp=sharing
Hallucinogens other than LSD,b,https://docs.google.com/document/d/e/2PACX-1vTeUsyh9OVXJDhXTOaisTbxOlbHuX9w7PRtGAL7JESlvoQXJh_WJh8fYeJ7VFkeKOXkZFdrsg1RzkAT/pub?embedded=true,https://docs.google.com/document/d/15nnAenvEfN7_TJt1oKz4h4up9pgY2IBUBNbGc7wqCdw/edit?usp=sharing
Heroin,"l,j",https://docs.google.com/document/d/e/2PACX-1vSz7cg4lWxt1aFc5923c976s6QPsyH0uo7EF1tJNqiKFW1OwZVrb_jhKMnOTipeaAUYzIhRsg0pUhq7/pub?embedded=true,https://docs.google.com/document/d/1BfxuiXLQFqLCmQwx0jmVB4IQ8UaQkjHGmHF3GEpfcNo/edit?usp=sharing
Heroin with a Needle,j,https://docs.google.com/document/d/e/2PACX-1vRPvFWJmnwN6Y6aelxwJhhUvNFWtqAMMHazQXFZMdmdA5SfuolGskGE80sY-cdeR7Shkw4C9uDrOrZD/pub?embedded=true,https://docs.google.com/document/d/1-Iogh2R3X3P9DLpDtwtQ7Cdfwt6dv7ZzYW-lvN4-1nI/edit?usp=sharing
Heroin without a Needle,j,https://docs.google.com/document/d/e/2PACX-1vTlWbFprMIMfeGwX46t-kvQj0pOva35NsYjmkDkC6aR4v9JZgZfiYBtR6jaMb_5k7Ai7x_5IiGp6hSW/pub?embedded=true,https://docs.google.com/document/d/1-eFPZ5WSO194JBSznZpZRWBFvcV-52gAZqEtRy8QqVo/edit?usp=sharing
Inhalants,"c,d",https://docs.google.com/document/d/e/2PACX-1vQeYRV0hzzdluR_Js4Pd65YDOy9YhK8PFtLZ9vBjftMcSrkZx5YMHP6_wzJ2RcxFWEmsIEewwGDetRx/pub?embedded=true,https://docs.google.com/document/d/1X6aasbAoI7PVQOU_Vp1fokaJMDzWHXRxNH9wwTFpnm4/edit?usp=sharing
JUUL,jj,https://docs.google.com/document/d/e/2PACX-1vRXV4kkiN5tGE1iZn9HJQ3wZ1HOSRUY7WiP3uhCKiq-TP6D9KEd3uTQUnyAy7iOZRd4F2f3YuALvAHO/pub?embedded=true,https://docs.google.com/document/d/1irykpXvBNSQ7FIt5b36RKDPWVIo6BukZTPsRFeLMrPY/edit?usp=sharing
Ketamine,"n,x",https://docs.google.com/document/d/e/2PACX-1vRhLOGtTTBqxUK8JcWvcAnWsN8kOFcL28Wzujn5rF8boSgi6BRF7Sqq1Skr1uBcOcp7_nZNBpTVmkjX/pub?embedded=true,https://docs.google.com/document/d/1N0DB74z99MNh6IvC_f6KDkrHVciksdN0uS-oDkR5Ip4/edit?usp=sharing
Kreteks,"n,o",https://docs.google.com/document/d/e/2PACX-1vTv0OEaVHFlo98QmWgw16UVbrp8sLXcls2EmwVqidhtca0u99Bk4VqDPbT8CUxLCtktVhJiSTlNCrGo/pub?embedded=true,https://docs.google.com/document/d/16QtwUkUupXEP2fl29onVObuZjUcvdgy8pfp_iJGBNV0/edit?usp=sharing
Large Cigars,"ii,oo",https://docs.google.com/document/d/e/2PACX-1vTno08WlTWXFpw-Ux-sh-OCX2JLJTqhstbQAbDjHOhjH1I_2Uolfo5DPe2aTxjzXAueny1MA-poIaUy/pub?embedded=true,https://docs.google.com/document/d/1kV46NdhsRoXOLVdiAUHVLCuqTkKg8f9Rl9Bc8Q5Etis/edit?usp=sharing
Liquor,oo,https://docs.google.com/document/d/e/2PACX-1vQE3WntEbubbC2ICAmjklmiiEgKYR1RJQJgJTuUxbtefgXkjC3HJeORrPemj3dkHsXkIi-bwpVRAQ99/pub?embedded=true,https://docs.google.com/document/d/1Kci_vc0BobWRY1qxQljh7B8V7w7YuyFrfo-CCjS5wUY/edit?usp=sharing
LSD,b,https://docs.google.com/document/d/e/2PACX-1vQbKtiqYseVi-B0M1gnJ6PGMyRNAorErh7I3kXR_pB9iyVJZ3wZaiAVu0a4DhJERXcob5erZiFTgiQy/pub?embedded=true,https://docs.google.com/document/d/1dZ_3DYPgL_fm0jdHYpuf2t-JlSkET_XSaUioa-4pvq0/edit?usp=sharing
Marijuana (Cannabis),"bb,ll",https://docs.google.com/document/d/e/2PACX-1vQY1BIQQo-6Q-vw1wtRB4iQ85UvTvIIdOS-DhcLHrU-7ahX3_Lhp9jsVEVxfnZ3nXnwH5Oy2XnCORZ9/pub?embedded=true,https://docs.google.com/document/d/1qT6wZBv_X32XLhmPTsj4qt65SwhWuw7S7M-nhE9Lx6A/edit?usp=sharing
Methamphetamine,o,https://docs.google.com/document/d/e/2PACX-1vQZ6RSp-dmyrYZFmII4quGoZQyflhPVgKUeKmNCwdpVZEvUStrlejEOyzlGkQnbGoeAJMMGDSdkexJi/pub?embedded=true,https://docs.google.com/document/d/1xSSGVPaZ65TcIasQ1dFecm3hAdP1K5Me-JZyWps4How/edit?usp=sharing
Methaqualone (Quaaludes),"e,k",https://docs.google.com/document/d/e/2PACX-1vT2Nj0FwDxzKWUtTG9u2h1VhCsFoWS478duymg_OBPqsYx6xJZFKK4cf1GVYWb3IQ8IKtqyQ7IG-_sz/pub?embedded=true,https://docs.google.com/document/d/1QM4BWHtDA7B_sD0Mxg4mIg-XRmU1-tMJDdIP1PJAruk/edit?usp=sharing
Medical Marijuana (Cannabis),,https://docs.google.com/document/d/e/2PACX-1vSj_m6VyAmSMZMSIjXO5BSTdUiqhce6j5z60MnhL5ysfSYMjjQFVTqZxmpvjqENlWxxIs-N4OE6ZB3t/pub?embedded=true,https://docs.google.com/document/d/12wlLIsaYqFVbgKYt0nDmI7hZ8q1bxthDSdHIwXwlFps/edit?usp=sharing
Narcotics other than Heroin,"m,n",https://docs.google.com/document/d/e/2PACX-1vQNqjFb9SsmVN1QzB7TmYvwNXlUqIlIySwtnDCx_ZpFjWegkoagotgMugSM_H9htT9CeVa42mmIKWWz/pub?embedded=true,https://docs.google.com/document/d/1rxbv3h8uEUyK18PXhf2Hkm1bk_Jz-c_Mvr8QQ52uVio/edit?usp=sharing
Nicotine Pouch,,https://docs.google.com/document/d/e/2PACX-1vS4GcyiJTMADNQ_94m20EuT58vRJ-xkShFIbTrNlP-r038utpM75i06-tW1nqaIDzG77Bs6bx4J0v2i/pub?embedded=true,https://docs.google.com/document/d/1vNrLtGGANiFrmSA2Yjq77lF1Oed4g3T61r-QYDrbGcc/edit?usp=sharing
Nitrites,"f,g",https://docs.google.com/document/d/e/2PACX-1vRnkIWEWCEpXxl51Qqqb0W_8J9jzCqiprcoor4FQGE1tTB-G3G-IbiLFqSJBwX6riU8-chX1FFKIYzu/pub?embedded=true,https://docs.google.com/document/d/1mTfZZ6sfGxFiwES_SUJ2nRd2OdED2bP1XMUAGWovAOU/edit?usp=sharing
OTC Cough/Cold Medication,"n,o",https://docs.google.com/document/d/e/2PACX-1vRZxRuDXeBZnfZmQ6uy0jpAeBXxTkBWlnG0_GKHUvPlPeUTVJh0_pnMsJV-vkIu_FBHTQVmPWziBpAJ/pub?embedded=true,https://docs.google.com/document/d/1c_jery2ihmPYgcMC_sfDcqhXfWBLhlvcZlM_51ZemBI/edit?usp=sharing
OxyContin,"k,n,v",https://docs.google.com/document/d/e/2PACX-1vTjPL1blXO0xOgD6GM4m6HfPhsx77wbs3UzXq0Rrn0e3t0S09KVL7w_6xXDad6cRsBdv0WW3lSGfwJK/pub?embedded=true,https://docs.google.com/document/d/1RPJWLeA-mRDqz-xrLSyqHjv0c991ITT1-Rk4lKNs0zw/edit?usp=sharing
PCP,"e,oo",https://docs.google.com/document/d/e/2PACX-1vQWKyL_iLC4cecsIBJxqYsdHCR8qtyeHVUSAlzPUXXu1ArQo4QUUTGiea4W3nMH-q12hnsgAIQXRwyc/pub?embedded=true,https://docs.google.com/document/d/1K3edYyZhENBeuwstyVTTU1_vCO-71VGt4rXRMn8e_Gs/edit?usp=sharing
Provigil,"m,o",https://docs.google.com/document/d/e/2PACX-1vQcUwhc9_tg1vpRMjk7OEi6PNX7bFcjpp9QQP54jaOr1Nhy6qo6L4-qkw6JfP4JSNgCT0tBfpGwiqSY/pub?embedded=true,https://docs.google.com/document/d/1GSSW39dakrwS3jZe8gQLgzx7WIaYsubbbmplMIMG_s0/edit?usp=sharing
Regular Small Cigars,"ii,oo",https://docs.google.com/document/d/e/2PACX-1vQ28ChEOx2ZroCiuR6Gy31EHo6k1MxPZuMevAqu6O_Sd-zG1y3yoHPwdypG_VI1bnulyx6xEOcmPUI3/pub?embedded=true,https://docs.google.com/document/d/13_2EaN7JKSHzWSi__VmrD5MjR6GxslnNUJGEjTymAlo/edit?usp=sharing
Ritalin,"k,n,o",https://docs.google.com/document/d/e/2PACX-1vToCTfNlpIbolhmHIE0c4mQtIGlwV7KRuuW90UF426zGC6Ti8XFNQXF6XGArleGXLXWbptv-N5YCZbk/pub?embedded=true,https://docs.google.com/document/d/1iH07cii5klnGEa3Lt-fU0OvcqTE9yNRFkR4wTZIJMDk/edit?usp=sharing
Rohypnol,r,https://docs.google.com/document/d/e/2PACX-1vTd8xCwtWj90B7Ks6CTvFaEPKDeJK8uK-bN1rvoC8NCwvAKGNPR3GkTKWXnHCcZGi6a8665maytMmPe/pub?embedded=true,https://docs.google.com/document/d/1KQ98ISoWFb8iRyEmJdAM5LJ_a0NFdO5JrDPln3hgUWQ/edit?usp=sharing
Salvia,o,https://docs.google.com/document/d/e/2PACX-1vTVQQyviGGjdzKgISyiQf25jWkE66XoiaplITx2QE6hwY_u7M-FhWdbkITN_juhyiAZVAnRrKKVLtMr/pub?embedded=true,https://docs.google.com/document/d/1ysia7GtcLZQ7DjxyzLARYhwjM_MZ-Rk9kpmFvhOMm4I/edit?usp=sharing
Sedatives (Barbiturates),"m,p",https://docs.google.com/document/d/e/2PACX-1vR54ekiKBVkYrPW2RXv379UfMFu1YAhcC44eLO9f-SMzUlqIMzR9KjxDYCzq9V0tUSy_tPrkgPJAIsC/pub?embedded=true,https://docs.google.com/document/d/1cpXSuebcI2wFajk8260j36hURmeFCgx5BPZIPipK_h8/edit?usp=sharing
Smokeless Tobacco,"f,t,oo",https://docs.google.com/document/d/e/2PACX-1vThXkAWvaFQ918O3HmpIrwmweX3_T0MGJa_kIbq3GFZp5oY6d6pePgg_p4X8Au322M7TqqGn1ASUGsl/pub?embedded=true,https://docs.google.com/document/d/1i1ZaRx9-2M42nMzTja80US2aEQrb9CmvnFa7zOqTe0A/edit?usp=sharing
Snus,"e,n,oo",https://docs.google.com/document/d/e/2PACX-1vTfGYtqAK_AGscKrKuqxJK0bh-6iV5yj-esJNP4iZg1huE5anExgmPBvJLvJp_DWnrw7OK4dfTleu_e/pub?embedded=true,https://docs.google.com/document/d/1E52s0AdASwXqRf6NbDPp6PPWG4tNAPRE2NX8We0gJVA/edit?usp=sharing
Stay Awake Pills,"e,oo",https://docs.google.com/document/d/e/2PACX-1vTGNYJAo2NnMiHVAkoLyrDRqBfCI_dogtRdOkESR2MOcsOWSz03L9L44jNtzDgNB4caA-BFL15xh6uB/pub?embedded=true,https://docs.google.com/document/d/1kc6-M6DJfD5ACvpUvSxTGmmwly_RSp8X2I5HDJFO_BI/edit?usp=sharing
Steroids,"k,u",https://docs.google.com/document/d/e/2PACX-1vS6CiJpNEGrsaOdEMk3nN8rik3dmVvAZDwSLY9Y0eTV8ywDyBUrMiLUeZwPUg5u10bnNz638yOzgmQg/pub?embedded=true,https://docs.google.com/document/d/1yov-uIvMu7GVRuRFcP0wMhKmPpEqw7ciNBqj8mULC44/edit?usp=sharing
Synthetic Marijuana,"n,o",https://docs.google.com/document/d/e/2PACX-1vTR-qX2BV2pVezJYxjN8yqtYxjPWAJVSuk88nGu2SlYqAfyK4dH4rpjcnOHeo-5a_h69QsubzLU34_V/pub?embedded=true,https://docs.google.com/document/d/1NLwOho5q3JwTBcNgZ1IlKpKoUnV-7-SWD8082oJaKXk/edit?usp=sharing
Tobacco Hookah,e,https://docs.google.com/document/d/e/2PACX-1vSWrKaRujWCpgyVfoeglrw63sGJyJxa3kVYbyrArhfqeoUIb_LXLdiVUHjJXzK1EPoNbkUTR8vzfq2W/pub?embedded=true,https://docs.google.com/document/d/1EGOKk2evgRixy0XJB-4UfcVAyCajqIX-Ms1D5bLs2B8/edit?usp=sharing
Tranquilizers,"b,k",https://docs.google.com/document/d/e/2PACX-1vTB5zJ0v6K3RCc0Daw4th71Uf1g7PcV5AIoa3MwuxWhIco26M35PjvyUO8W0siTDrwDwygKHvwKVyWP/pub?embedded=true,https://docs.google.com/document/d/11_yQqY3MIqiUtdGKWkZ94bbg67bU8iOpeD8eI4kL-k0/edit?usp=sharing
Vape Nicotine (E-cigarettes),bb,https://docs.google.com/document/d/e/2PACX-1vRXV4kkiN5tGE1iZn9HJQ3wZ1HOSRUY7WiP3uhCKiq-TP6D9KEd3uTQUnyAy7iOZRd4F2f3YuALvAHO/pub?embedded=true,https://docs.google.com/document/d/17A0KCZRP70MqFfm92-53xKskwcDa_ugHdcqOoA9vo8w/edit?usp=sharing
Vape Flavoring,bb,https://docs.google.com/document/d/e/2PACX-1vRG4hUZZXL-P3a5d3qYdUULSUGS_nQP8Ev7XYJHT7Q_HnvmyjjGF7aoRdsjWElE7Jf-IiP8AOm5Q7q8/pub?embedded=true,https://docs.google.com/document/d/1tgAaJYlNtqdWWzoCgSuF4lDNLcsX-wBS0sSTTmNliUc/edit?usp=sharing
Vape Flavoring without Nicotine,bb,https://docs.google.com/document/d/e/2PACX-1vTNmWoWpDtVS8tRMW6jhtTooE9TgnCUlXSt-zzMYdXeojw8xy8qm2jheh8lkTlPHfH9v1IixyocorH5/pub?embedded=true,https://docs.google.com/document/d/1k2tAEl5ztSQ06P_HXmGYeqB7vTOvMMl4l7eXIqO9afU/edit?usp=sharing
Vape Marijuana,"bb,ll",https://docs.google.com/document/d/e/2PACX-1vSn7BxCKyGSWYh8NlGy8PKLJ1Us6uTrih9Nhrdsr3X00KmUMvCqvhpdm7hIIQlc0H842UjuG4x_OMij/pub?embedded=true,https://docs.google.com/document/d/1BcQCXI6bOhmW9UIdddlYHsDVOSfdKhUd_uL3-y2jNY4/edit?usp=sharing
Vicodin,"k,n,v",https://docs.google.com/document/d/e/2PACX-1vR98swMKJ_x1SA0w96YNA6nYkbY7Lqjsn9FGIUlZK1CRrz4zvNfVV5mxAWA2y4mD8ko0ALuMEG5IoI1/pub?embedded=true,https://docs.google.com/document/d/1fkMkBWb1pxMY7wlAq6MqflNrz9ZAoHBxGRnN261KmhQ/edit?usp=sharing
Wine,oo,https://docs.google.com/document/d/e/2PACX-1vTMWLmF7ugQtDvTGbN9yl6WzouXqqt4u_GyWXoH08exZoEAXDYqsIUhJSGWklEc60mrgU_qQZ5_2gIi/pub?embedded=true,https://docs.google.com/document/d/1v016G9MbSMo9QGjIhMHarhfkHBC3iKP-yNaNLsCj3c8/edit?usp=sharing
Wine Coolers,oo,https://docs.google.com/document/d/e/2PACX-1vR7NYMcO7IpMGNrND0I6_2mFefo_tKmvaDMmMB-NP7FUOcAC7EZOlEROf4BPoAVp-tVz_jJRf0HHOi_/pub?embedded=true,https://docs.google.com/document/d/1kTN8gg8JwYUNFtnaN1gNrRZUvS-jGY4OzAl62w9xi5A/edit?usp=sharing